<?xml version="1.0" encoding="UTF-8"?>
<!DOCTYPE bindings PUBLIC "-//NetBeans//DTD Editor KeyBindings settings 1.1//EN" "http://www.netbeans.org/dtds/EditorKeyBindings-1_1.dtd">
<bindings>
    <bind actionName="adjust-caret-bottom" key="SO-PAGE_DOWN"/>
    <bind actionName="adjust-caret-center" key="SO-INSERT"/>
    <bind actionName="adjust-caret-top" key="SO-PAGE_UP"/>
    <bind actionName="all-completion-show" key="DO-BACK_SLASH"/>
    <bind actionName="all-completion-show" key="DO-SPACE"/>
    <bind actionName="caret-backward" key="LEFT"/>
    <bind actionName="caret-backward" key="KP_LEFT"/>
    <bind actionName="caret-begin" key="D-HOME"/>
    <bind actionName="caret-begin-line" key="HOME"/>
    <bind actionName="caret-down" key="DOWN"/>
    <bind actionName="caret-down" key="KP_DOWN"/>
    <bind actionName="caret-end" key="D-END"/>
    <bind actionName="caret-end-line" key="END"/>
    <bind actionName="caret-forward" key="RIGHT"/>
    <bind actionName="caret-forward" key="KP_RIGHT"/>
    <bind actionName="caret-next-word" key="D-RIGHT"/>
    <bind actionName="caret-previous-word" key="D-LEFT"/>
    <bind actionName="caret-up" key="UP"/>
    <bind actionName="caret-up" key="KP_UP"/>
    <bind actionName="collapse-all-folds" key="SD-DIVIDE"/>
    <bind actionName="collapse-fold" key="D-SUBTRACT"/>
    <bind actionName="completion-show" key="D-SPACE"/>
    <bind actionName="copy-selection-else-line-down" key="DO-DOWN"/>
    <bind actionName="copy-selection-else-line-up" key="DO-UP"/>
    <bind actionName="copy-to-clipboard" key="D-INSERT"/>
    <bind actionName="copy-to-clipboard" key="D-C"/>
    <bind actionName="copy-to-clipboard" key="COPY"/>
    <bind actionName="cut-to-clipboard" key="S-DELETE"/>
    <bind actionName="cut-to-clipboard" key="D-X"/>
    <bind actionName="cut-to-clipboard" key="CUT"/>
    <bind actionName="delete-next" key="DELETE"/>
    <bind actionName="delete-previous" key="BACK_SPACE"/>
    <bind actionName="delete-previous" key="S-BACK_SPACE"/>
    <bind actionName="documentation-show" key="SD-SPACE"/>
    <bind actionName="documentation-show" key="F2"/>
    <bind actionName="documentation-show" key="S-F2"/>
    <bind actionName="expand-all-folds" key="SD-ADD"/>
    <bind actionName="expand-all-folds" key="SD-PLUS"/>
    <bind actionName="expand-all-folds" key="D-MULTIPLY"/>
    <bind actionName="expand-all-folds" key="SD-EQUALS"/>
    <bind actionName="expand-fold" key="D-PLUS"/>
    <bind actionName="expand-fold" key="D-ADD"/>
    <bind actionName="find" key="D-J"/>
    <bind actionName="find-next" key="D-K"/>
    <bind actionName="find-previous" key="SD-K"/>
    <bind actionName="format" key="DO-F"/>
    <bind actionName="generate-code" key="SO-S"/>
    <bind actionName="goto" key="D-L"/>
    <bind actionName="goto-declaration" key="F3"/>
    <bind actionName="insert-break" key="ENTER"/>
    <bind actionName="insert-tab" key="TAB"/>
    <bind actionName="jump-list-last-edit" key="D-Q"/>
    <bind actionName="jump-list-next" key="O-RIGHT"/>
    <bind actionName="jump-list-prev" key="O-LEFT"/>
    <bind actionName="match-brace" key="SD-P"/>
    <bind actionName="match-brace" key="SD-PERIOD"/>
    <bind actionName="move-selection-else-line-down" key="O-DOWN"/>
    <bind actionName="move-selection-else-line-up" key="O-UP"/>
    <bind actionName="page-down" key="PAGE_DOWN"/>
    <bind actionName="page-up" key="PAGE_UP"/>
    <bind actionName="paste-formated" key="SD-V"/>
    <bind actionName="paste-from-clipboard" key="D-V"/>
    <bind actionName="paste-from-clipboard" key="S-INSERT"/>
    <bind actionName="paste-from-clipboard" key="PASTE"/>
    <bind actionName="redo" key="D-Y"/>
    <bind actionName="reindent-line" key="D-I"/>
    <bind actionName="remove-line" key="D-D"/>
    <bind actionName="remove-tab" key="S-TAB"/>
    <bind actionName="remove-word-next" key="D-DELETE"/>
    <bind actionName="remove-word-previous" key="D-BACK_SPACE"/>
    <bind actionName="replace" key="D-F"/>
    <bind actionName="scroll-down" key="D-UP"/>
    <bind actionName="scroll-up" key="D-DOWN"/>
    <bind actionName="select-all" key="D-A"/>
    <bind actionName="selection-backward" key="S-LEFT"/>
    <bind actionName="selection-begin" key="SD-HOME"/>
    <bind actionName="selection-begin-line" key="S-HOME"/>
    <bind actionName="selection-down" key="S-DOWN"/>
    <bind actionName="selection-end" key="SD-END"/>
    <bind actionName="selection-end-line" key="S-END"/>
    <bind actionName="selection-forward" key="S-RIGHT"/>
    <bind actionName="selection-match-brace" key="SO-UP"/>
    <bind actionName="selection-next-word" key="SD-RIGHT"/>
    <bind actionName="selection-page-down" key="S-PAGE_DOWN"/>
    <bind actionName="selection-page-up" key="S-PAGE_UP"/>
    <bind actionName="selection-previous-word" key="SD-LEFT"/>
    <bind actionName="selection-up" key="S-UP"/>
    <bind actionName="split-line" key="D-ENTER"/>
    <bind actionName="start-new-line" key="S-ENTER"/>
    <bind actionName="to-lower-case" key="SD-Y"/>
    <bind actionName="to-upper-case" key="SD-X"/>
    <bind actionName="toggle-highlight-search" key="SO-H"/>
    <bind actionName="toggle-rectangular-selection" key="SO-A"/>
    <bind actionName="toggle-typing-mode" key="INSERT"/>
    <bind actionName="toggle-typing-mode" key="SD-INSERT"/>
    <bind actionName="undo" key="D-Z"/>
    <bind actionName="undo" key="UNDO"/>
    <bind actionName="word-match-next" key="O-SLASH"/>
    <bind actionName="word-match-next" key="O-DIVIDE"/>
    <bind actionName="zoom-text-in" key="D-EQUALS"/>
    <bind actionName="zoom-text-out" key="D-MINUS"/>
</bindings>
